Rank,Name,Median_score,Cooperation_rating,Wins,Initial_C_rate,CC_rate,CD_rate,DC_rate,DD_rate,CC_to_C_rate,CD_to_C_rate,DC_to_C_rate,DD_to_C_rate
0,EvolvedLookerUp2_2_2,2.853893617021277,0.7364908510638298,52.0,1.0,0.6619691489361703,0.07452170212765953,0.15103425531914882,0.11247489361702123,0.8617468736589841,0.43519247821074436,0.508570458754222,0.8055601961907054
1,Evolved HMM 5,2.853191489361702,0.7417931914893617,48.0,1.0,0.6921708510638299,0.04962234042553193,0.12931893617021276,0.1288878723404255,0.9976541069842915,0.47872576660434624,0.015569739229489395,0.20351018895151024
2,Evolved ANN 5,2.844755319148937,0.7132655319148936,48.0,1.0,0.696175744680851,0.01708978723404253,0.11724446808510644,0.16949000000000006,1.0,0.7046633378656963,0,0.338366740106222
3,Evolved FSM 16,2.842180851063829,0.7131274468085106,67.0,1.0,0.62204,0.09108744680851064,0.17216872340425535,0.11470382978723406,0.8346678743114345,0.5778539485502977,0.48671285062668773,0.36524907718421096
4,Evolved ANN,2.837617021276596,0.7270265957446809,47.0,1.0,0.7096855319148935,0.017341063829787232,0.10887234042553195,0.1641010638297873,0.9861091925735791,0.8301323119386586,0.4138359503398585,0.05255426668320109
5,Evolved FSM 16 Noise 05,2.8320319148936175,0.7169248936170213,47.0,1.0,0.6954814893617021,0.02144340425531914,0.11567936170212775,0.16739574468085114,0.9815034930548153,0.5637970175191639,0.397992464324844,0.07677966408991603
6,PSO Gambler 2_2_2,2.831904255319149,0.6917163829787234,47.0,1.0,0.6193374468085107,0.0723789361702128,0.16611255319148932,0.1421710638297873,0.8739036148074376,0.40217969435931017,0.49813479935905725,0.40102751284208504
7,PSO Gambler 1_1_1,2.8164680851063832,0.7015112765957446,54.0,1.0,0.6678070212765957,0.033704255319148946,0.12883978723404252,0.16964893617021282,1.0,0.2979444009646941,0,0.1296010467337299
8,PSO Gambler Mem1,2.812148936170213,0.7278625531914894,49.0,1.0,0.6864782978723404,0.041384255319148945,0.12015191489361705,0.15198553191489367,1.0,0.5222264046050525,0,0.1217127667427653
9,Evolved FSM 4,2.803212765957447,0.7765089361702128,40.0,1.0,0.6725425531914894,0.10396638297872338,0.1404453191489362,0.08304574468085107,0.9385982033519586,0.4423285273071842,0,0.7927746157522424
10,"DBS: 0.75, 3, 4, 3, 5",2.7867340425531917,0.7388959574468085,36.0,1.0,0.7108027659574468,0.02809319148936168,0.09814531914893614,0.16295872340425524,0.985292678776067,0.797648842265916,0.2992701328958753,0.1606483318220478
11,"Omega TFT: 3, 8",2.7861382978723404,0.7246948936170213,40.0,1.0,0.7129259574468083,0.011768936170212766,0.09295106382978731,0.1823540425531916,0.999805444737598,0.1759534995710892,0.5838214644563642,0.01148728107802772
12,"DoubleCrosser: (D, D)",2.7682659574468076,0.6774651063829787,181.0,1.0,0.6607689361702125,0.016696170212765954,0.11561872340425541,0.20691617021276615,0.9963360222729001,0.7988368924521158,0.28645735468326766,0
13,PSO Gambler 2_2_2 Noise 05,2.7678936170212767,0.7233929787234042,46.0,1.0,0.6670908510638298,0.0563021276595745,0.12216680851063823,0.15444021276595743,0.853908190643423,0.49914283377540153,0.6997978227643036,0.32135888485691105
14,Gradual,2.765659574468085,0.7928959574468085,41.0,1.0,0.751992340425532,0.04090361702127657,0.07549106382978732,0.13161297872340422,1.0,0.38078053028559994,0.3621919344313524,0.23042381452387828
15,Winner12,2.7653297872340428,0.6821002127659574,49.0,1.0,0.6451955319148935,0.03690468085106383,0.12796468085106383,0.1899351063829788,1.0,0.3647467695651959,0,0.46658626962923255
16,Fool Me Once,2.7560851063829803,0.6242972340425532,61.0,1.0,0.619803829787234,0.0044934042553191516,0.1300976595744681,0.24560510638297878,1.0,0.5796155019835215,0,0
17,"BackStabber: (D, D)",2.7493936170212745,0.6408327659574468,192.0,1.0,0.6326240425531912,0.008208723404255323,0.12287617021276608,0.2362910638297874,0.9967643768711983,0.7886821254696749,0,0
18,Spiteful Tit For Tat,2.7433085106382977,0.6638123404255319,47.0,1.0,0.6314778723404255,0.032334468085106365,0.12812659574468083,0.2080610638297872,1.0,0,0.7121044170170445,0
19,Forgetful Fool Me Once: 0.05,2.7357872340425535,0.7525734042553192,52.0,1.0,0.7210110638297873,0.03156234042553191,0.08099489361702128,0.16643170212765954,1.0,0.6394774683297348,0.05350257318074904,0.05076144865746994
20,AON2,2.734989361702129,0.6764244680851064,50.0,1.0,0.6001665957446808,0.07625787234042561,0.15277489361702135,0.1708006382978724,0.9955291549012855,0.1818782120239391,0,0.46271956615952853
21,"EugineNier: (D,)",2.7337340425531886,0.6449427659574468,195.0,1.0,0.6383153191489366,0.006627446808510631,0.11581297872340415,0.23924425531914872,0.9966746080176999,0,0.4336161183066373,0
22,MEM2,2.7316489361702123,0.5974110638297873,71.0,1.0,0.5939425531914894,0.0034685106382978735,0.13682510638297873,0.26576382978723406,0.996156636305661,0.22734575608151356,0.28662825031270267,0
23,NMWE Finite Memory: 88 players,2.730244680851064,0.5695944680851064,70.0,1.0,0.5606429787234043,0.008951489361702121,0.1542142553191489,0.2761912765957447,0.9335367941223318,0.15446087682802148,0.04984762635787491,0.07408154135696474
24,GraaskampKatzen,2.7300106382978724,0.6639659574468085,49.0,1.0,0.6535704255319149,0.010395531914893608,0.1080359574468085,0.22799808510638295,0.9955125946096813,0,0.5021278792123597,0
25,Meta Winner: 8 players,2.7271914893617017,0.5647838297872341,72.0,1.0,0.5587127659574467,0.00607106382978723,0.15363361702127665,0.28158255319148945,0.9528968537230208,0.24186916727112145,0.007454377257173471,0.022972374586478127
26,NMWE Stochastic: 64 players,2.7246808510638294,0.5742240425531915,69.0,1.0,0.5624574468085107,0.011766595744680846,0.15277978723404248,0.27299617021276595,0.8589223862322851,0.17112526045567653,0.04420382615006528,0.07466842060991766
27,Nice Meta Winner Ensemble: 205 players,2.723329787234042,0.5650385106382979,72.0,1.0,0.5585212765957446,0.00651723404255319,0.15281340425531914,0.282148085106383,0.948916168188833,0.1476141809757372,0.028584463193714348,0.04492419500878137
28,Meta Hunter: 6 players,2.720776595744681,0.6376148936170213,61.0,1.0,0.6012682978723404,0.03634659574468085,0.1384746808510638,0.223910425531915,0.9076337022532734,0.7518419592981882,0.17547175496306666,0.09466571493873292
29,Borufsen,2.718670212765958,0.8018517021276595,21.0,1.0,0.7596034042553191,0.042248297872340405,0.06044063829787237,0.1377076595744681,0.9984695243702798,0.15518336627887602,0.7831601521508047,0.10982123481874305
30,NMWE Deterministic: 141 players,2.718095744680851,0.5631910638297872,73.0,1.0,0.5580242553191487,0.005166808510638299,0.15189531914893623,0.2849136170212767,0.9680475001607549,0.09546447574496204,0.02748700204877641,0.043916062459534236
31,NMWE Long Memory: 117 players,2.714585106382979,0.5644108510638298,72.0,1.0,0.558827021276596,0.005583829787234043,0.15032744680851057,0.2852617021276595,0.9515101670653987,0.16674220017784386,0.02091700652867869,0.040215188121440835
32,NMWE Memory One: 35 players,2.7056808510638293,0.5629519148936171,73.0,1.0,0.5584295744680849,0.004522340425531915,0.14843510638297877,0.28861297872340436,0.979609244182072,0.08200522760562819,0.007095431315129696,0.02505961658661511
33,"Michaelos: (D,)",2.7026063829787232,0.600744255319149,195.0,1.0,0.5968940425531919,0.003850212765957444,0.12860063829787205,0.2706551063829785,0.9966939698523749,0,0.17006157349079132,0
34,Revised Downing: True,2.6957340425531915,0.7749536170212766,28.0,1.0,0.725253829787234,0.049699787234042545,0.07393170212765955,0.15111468085106383,0.9979206719239986,0.8032651615546631,0.04751444494212234,0.18965977419287303
35,Kluepfel,2.6944042553191494,0.7417878723404255,29.0,1.0,0.7133197872340425,0.028468085106382976,0.0741997872340426,0.1840123404255319,0.9762441287486066,0.34413504612801216,0.5895898240429783,0.05642661633807582
36,EvolvedLookerUp1_1_1,2.690212765957446,0.6147172340425532,66.0,1.0,0.5788576595744679,0.03585957446808514,0.14207872340425534,0.24320404255319156,0.9532246398615785,0,0.7428524485605446,0
37,TF3,2.683840425531915,0.5745642553191489,72.0,1.0,0.5688968085106381,0.005667446808510639,0.13839659574468097,0.2870391489361702,0.9409224248430782,0.5936442475417352,0.32558908666217445,0.01491126797692755
38,Nice Meta Winner: 205 players,2.6837659574468082,0.56008,75.0,1.0,0.5576497872340427,0.002430212765957449,0.14300212765957446,0.29691787234042555,1.0,0,0,0
39,Grudger,2.682936170212766,0.5582204255319149,75.0,1.0,0.5557817021276594,0.0024387234042553213,0.14319787234042555,0.2985817021276596,1.0,0,0,0
40,Cave,2.6819893617021275,0.8002419148936171,25.0,1.0,0.7607606382978723,0.03948127659574469,0.05014872340425534,0.14960936170212766,0.9985836349910566,0.39956140854176014,0.7552736204441342,0.1155928505048714
41,Shubik,2.670468085106383,0.6919053191489362,55.0,1.0,0.6733399999999999,0.018565319148936155,0.08535340425531918,0.2227412765957447,1.0,0,0.5047264993573551,0
42,Weiner,2.668212765957447,0.7550755319148936,37.0,1.0,0.7317989361702127,0.023276595744680814,0.056959148936170254,0.1879653191489362,0.9995456768423856,0.2262709960015711,0.6686947881635067,0.011637566769446156
43,Level Punisher,2.6672765957446813,0.7314310638297873,43.0,1.0,0.706204255319149,0.02522680851063828,0.06980446808510636,0.19876446808510634,0.9890818458871043,0.8827509178384086,0.09898340487506262,0
44,Evolved ANN 5 Noise 05,2.6643617021276578,0.544154255319149,113.0,1.0,0.4586334042553194,0.08552085106382981,0.2082142553191488,0.24763148936170198,0.8816308299755103,0.8669388901767471,0.6203563469824485,0.31966851063472546
45,Davis: 10,2.655425531914894,0.5742851063829787,68.0,1.0,0.5636138297872342,0.010671276595744668,0.13477276595744675,0.2909421276595745,0.9748677789317591,0.8259213870207317,0,0
46,MoreGrofman,2.6530744680851064,0.7437846808510639,44.0,1.0,0.721464680851064,0.022319999999999982,0.05813638297872344,0.19807893617021272,0.988248550100674,0.7414403180386233,0.3055597502646062,0.056037390729396716
47,"Stein and Rapoport: 0.05: (D, D)",2.649297872340425,0.7567946808510638,185.0,1.0,0.7211791489361703,0.035615531914893576,0.06052957446808511,0.18267574468085113,0.9932767333255257,0.3775788784612438,0.6945995296230092,0
48,Mikkelson,2.648617021276596,0.7955446808510638,26.5,1.0,0.7572282978723405,0.038316382978723404,0.043142765957446795,0.16131255319148932,1.0,0.7608998630745112,0.39629190227386474,0.14106534533047002
49,"ZD-GTFT-2: 0.25, 0.5",2.647851063829787,0.8552991489361702,0.0,1.0,0.7755980851063828,0.07970106382978726,0.04354106382978726,0.10115978723404262,1.0,0.12745162361506343,1.0,0.24601686933487169
50,WmAdams,2.6473510638297872,0.7781531914893617,16.0,1.0,0.7280019148936171,0.05015127659574466,0.06047085106382977,0.1613759574468084,1.0,0.47368355529395406,0.7186351987150295,0.2623073499151428
51,GTFT: 0.1,2.647308510638298,0.8299253191489362,0.0,1.0,0.763921914893617,0.06600340425531917,0.04600638297872344,0.12406829787234047,1.0,0.10181921494751912,1.0,0.10016069515924284
52,Soft Joss: 0.9,2.6415425531914893,0.8286263829787234,0.0,1.0,0.7622317021276594,0.06639468085106384,0.046147872340425555,0.1252257446808511,1.0,0.09885182403242318,1.0,0.09996648120602335
53,More Tideman and Chieruzzi,2.6383085106382973,0.7770551063829787,37.0,1.0,0.7254223404255319,0.05163276595744684,0.05982744680851064,0.16311744680851065,1.0,0.3070931915947434,0.6374601914969036,0.15791811886438287
54,GTFT: 0.3,2.637382978723405,0.8796995744680851,0.0,1.0,0.7920604255319148,0.0876391489361703,0.03502319148936171,0.08527723404255326,1.0,0.29794241427500984,1.0,0.30757986404582804
55,Soft Grudger,2.6363617021276595,0.8111240425531915,39.0,1.0,0.7325282978723402,0.07859574468085113,0.062445957446808524,0.12643000000000007,1.0,0.4317124471714459,0.281645003613424,0.312181467659289
56,"General Soft Grudger: n=1,d=4,c=2",2.6353829787234053,0.810836170212766,39.0,1.0,0.7320287234042551,0.07880744680851075,0.06260255319148936,0.12656127659574476,1.0,0.43261517967543106,0.28903334510423123,0.3093466615175629
57,"Limited Retaliate 3: 0.05, 20",2.633382978723404,0.6244206382978723,69.0,1.0,0.6062997872340424,0.018120851063829765,0.10981148936170218,0.2657678723404256,0.9395461884401058,0,0.06437891278438483,0.05509800938991283
58,GTFT: 0.33,2.626489361702128,0.8855174468085106,0.0,1.0,0.794068085106383,0.09144936170212771,0.033162553191489356,0.08132000000000002,1.0,0.3371116956364466,1.0,0.331543867302377
59,"Limited Retaliate 2: 0.08, 15",2.6260957446808506,0.6345859574468085,70.0,1.0,0.6101970212765955,0.02438893617021277,0.10736255319148943,0.25805148936170225,0.946332269982296,0,0.0812935600831329,0.06954415271537512
60,Forgiver,2.623829787234042,0.6279665957446808,67.0,1.0,0.6195174468085106,0.008449148936170204,0.09856425531914899,0.27346914893617025,1.0,0.6085384885316771,0.06309978002811534,0
61,"ZD-GEN-2: 0.125, 0.5, 3",2.619787234042553,0.8499834042553192,8.0,1.0,0.7736868085106383,0.07629659574468081,0.03712255319148935,0.11289404255319148,1.0,0.5624652401202825,0.4988149048954858,0.12564699610569688
62,Retaliate 2: 0.08,2.6184255319148937,0.6266106382978723,75.0,1.0,0.6173440425531914,0.009266595744680842,0.09813425531914896,0.27525510638297884,1.0,0,0.0719061328624761,0
63,Inverse Punisher,2.6173510638297874,0.6291372340425532,67.0,1.0,0.6181759574468084,0.01096127659574467,0.09808297872340432,0.2727797872340426,1.0,0,0.21662513918963683,0
64,RichardHufford,2.6169574468085113,0.5548946808510639,126.0,1.0,0.491252978723404,0.06364170212765957,0.17415021276595757,0.2709551063829787,0.8915718645842882,0.4762080784042659,0.8038139435501337,0.05583532895657078
65,"Limited Retaliate: 0.1, 20",2.6165,0.6345608510638298,69.0,1.0,0.6130099999999999,0.021550851063829757,0.10293361702127661,0.2625055319148937,0.9800572378296954,0,0.08425137084985757,0.0470067813765392
66,Once Bitten,2.6155851063829783,0.7836493617021276,39.0,1.0,0.7389738297872341,0.04467553191489361,0.0454810638297872,0.17086957446808507,1.0,0.7198969684250016,0.08952010850767761,0.0492589418876905
67,Leyvraz,2.6149787234042554,0.8526997872340426,17.0,1.0,0.7660219148936169,0.08667787234042557,0.04228851063829785,0.10501170212765955,0.9416385193591252,0.4347967351848941,0.8167114310975916,0.46841220278212964
68,White,2.613510638297872,0.8301395744680851,0.0,1.0,0.7701053191489363,0.06003425531914895,0.03319851063829786,0.13666191489361695,1.0,0.7053012582549174,1.0,0
69,Meta Majority Long Memory: 117 players,2.612744680851064,0.7267817021276596,40.0,1.0,0.6980538297872338,0.028727872340425523,0.06136319148936175,0.21185510638297883,0.9923590893621584,0.02407019104318151,0.7282063060421143,0.0001362583458236817
70,Resurrection,2.6117659574468086,0.7487904255319149,17.0,1.0,0.6945923404255318,0.05419808510638303,0.06916489361702134,0.18204468085106384,1.0,0,0.8740280507881147,0
71,GrudgerAlternator,2.611308510638297,0.7793397872340425,36.0,1.0,0.6357951063829786,0.14354468085106384,0.12060936170212767,0.10005085106382976,0.7845760208875463,0,1.0,1.0
72,Eatherley,2.6105744680851064,0.8741625531914894,0.0,1.0,0.8000297872340426,0.07413276595744683,0.02121170212765957,0.10462574468085103,1.0,0.5268999231510532,1.0,0.3507746521798214
73,"Alexei: (D,)",2.6103085106382955,0.7695204255319149,158.5,1.0,0.7078814893617021,0.06163893617021275,0.06403085106382994,0.16644872340425515,0.9957902641322195,0,0.9975000647042048,0
74,Retaliate 3: 0.05,2.6098510638297876,0.6029310638297872,75.0,1.0,0.5960063829787233,0.006924680851063823,0.10645574468085109,0.29061319148936177,1.0,0,0.043141638432799896,0
75,Retaliate: 0.1,2.608914893617021,0.6252774468085106,75.0,1.0,0.6139985106382979,0.011278936170212738,0.09794617021276598,0.27677638297872337,1.0,0,0.09243568222991992,0
76,Forgetful Grudger,2.608414893617021,0.6358295744680851,75.0,1.0,0.6248340425531915,0.010995531914893596,0.09253893617021278,0.27163148936170206,1.0,0,0.10605855316730957,0
77,Yamachi,2.6048297872340425,0.7946068085106383,22.0,1.0,0.7398929787234042,0.05471382978723403,0.04486361702127657,0.16052957446808516,0.948760228131005,0.7245530617333815,0.6820959689316733,0.26594223080633383
78,Adaptive Tit For Tat: 0.5,2.602840425531915,0.7728217021276595,0.0,1.0,0.7105189361702127,0.06230276595744687,0.06086276595744684,0.16631553191489362,1.0,0.19419887758387377,1.0,0
79,Contrite Tit For Tat,2.602500000000001,0.7723676595744681,0.0,1.0,0.7104359574468084,0.06193170212765965,0.060656382978723465,0.1669759574468085,1.0,0,1.0,0
80,Forgiving Tit For Tat,2.6023085106382986,0.7782476595744681,0.0,1.0,0.7154585106382978,0.06278914893617028,0.05852829787234048,0.1632240425531914,1.0,0.3857046263768784,1.0,0
81,Tit For Tat,2.6022659574468086,0.7725093617021277,0.0,1.0,0.7107125531914893,0.06179680851063834,0.060525106382978776,0.16696553191489358,1.0,0,1.0,0
82,ShortMem,2.601446808510638,0.8088902127659574,11.0,1.0,0.7544855319148936,0.05440468085106382,0.03667638297872338,0.15443340425531912,0.9991792706113629,0.7090606442967101,0.7640260765057674,0
83,Adaptive Pavlov 2011,2.599382978723404,0.7322895744680851,52.0,1.0,0.700317659574468,0.031971914893616976,0.05753425531914896,0.21017617021276602,0.9871195792558872,0.30422893775497195,0.5900745791923242,0.025680563476515633
84,Math Constant Hunter,2.599244680851064,0.7455034042553191,45.0,1.0,0.6316212765957449,0.11388212765957445,0.11285510638297873,0.14164148936170207,0.900269063167285,0.8270014661431402,0.1275498300130895,0.21258024071162623
85,Firm But Fair,2.5983297872340425,0.8564553191489361,0.0,1.0,0.7404619148936169,0.11599340425531918,0.05850765957446809,0.08503702127659576,1.0,0,1.0,0.6588475306482483
86,Meta Majority: 205 players,2.5970000000000004,0.7411108510638298,34.0,1.0,0.7036729787234042,0.037437872340425525,0.05652297872340426,0.20236617021276593,0.9994437585241963,0.009313000998262627,0.7976345605675234,0
87,Doubler,2.5905212765957453,0.8051602127659574,0.0,1.0,0.7379272340425531,0.06723297872340432,0.04542085106382981,0.14941893617021268,1.0,0.7271967832441267,1.0,0
88,Champion,2.5902340425531927,0.8776617021276596,0.0,1.0,0.7977502127659576,0.07991148936170211,0.01846872340425531,0.10386957446808505,1.0,0.7379273028977412,1.0,0.21023204275158838
89,Adaptive Pavlov 2006,2.5895,0.7169865957446808,53.0,1.0,0.6880270212765957,0.028959574468085073,0.06061936170212768,0.2223940425531916,0.9806407223300214,0.27714174469280367,0.5872586365338082,0.07153704878832744
90,VeryBad,2.58818085106383,0.8265638297872341,15.0,1.0,0.7673387234042554,0.059225106382978725,0.028228297872340408,0.14520787234042548,0.9982832920061621,0.7766481267465036,0.6988193796840114,0
91,Grofman,2.5838617021276598,0.8887206382978723,18.0,1.0,0.7726293617021277,0.11609127659574464,0.03855808510638294,0.07272127659574466,1.0,0.38262642266891245,0.4609512200509308,0.9700911221204367
92,Soft Go By Majority: 10,2.583744680851064,0.823811914893617,17.0,1.0,0.7635363829787234,0.060275531914893654,0.028932340425531933,0.14725574468085112,1.0,0.7452867002593411,0.6240613803406264,0
93,Tideman and Chieruzzi,2.583659574468085,0.6973587234042553,62.0,1.0,0.6722697872340425,0.02508893617021275,0.0659865957446809,0.2366546808510639,1.0,0.1281725747869086,0.5055378858498867,0
94,Dynamic Two Tits For Tat,2.5834148936170216,0.8270374468085107,7.5,1.0,0.7619523404255318,0.06508510638297874,0.030761702127659572,0.1422008510638298,0.9588237471249345,0.48875231598958846,0.6496524670150937,0.3737085473747249
95,Getzler,2.583159574468085,0.7752489361702127,23.5,1.0,0.7312665957446809,0.043982340425531924,0.041238936170212764,0.18351212765957448,0.9678928253196395,0.36927693215182117,0.6967407611653367,0.12225849281295283
96,Soft Go By Majority: 5,2.5819042553191487,0.7832340425531915,21.0,1.0,0.7215953191489362,0.06163872340425533,0.049986382978723404,0.16677957446808506,1.0,0.6937112139197463,0.5682935315669705,0
97,Soft Go By Majority: 20,2.5812340425531914,0.822814255319149,18.0,1.0,0.7606006382978724,0.062213617021276604,0.03051212765957445,0.1466736170212766,1.0,0.753674235915545,0.6324733284224624,0
98,"Stalker: (D,)",2.578393617021277,0.8335365957446809,140.0,1.0,0.7675812765957452,0.06595531914893613,0.027529361702127563,0.13893404255319125,0.9772330876089786,0.6643683582817805,0.80017907032659,0.1970515418344666
99,Black,2.577797872340428,0.8549425531914894,0.0,1.0,0.7835278723404255,0.07141468085106385,0.020565106382978725,0.12449234042553191,0.9767731769755325,0.7105936931017767,0.7236363613950422,0.3042230025875994
100,Punisher,2.577670212765957,0.6520017021276596,72.0,1.0,0.6356736170212766,0.016328085106382968,0.08057808510638297,0.26742021276595757,1.0,0,0.21439973731489584,0
101,Soft Go By Majority: 40,2.57718085106383,0.8240729787234042,17.0,1.0,0.7581944680851064,0.0658785106382979,0.03152276595744679,0.1444042553191489,1.0,0.7719735811874318,0.6279836355815457,0
102,Slow Tit For Two Tats 2,2.57663829787234,0.808721914893617,15.0,1.0,0.7529112765957447,0.05581063829787232,0.031450851063829784,0.15982723404255317,1.0,0.7505830567395214,0.3673034835149484,0
103,"Grumpy: Nice, 10, -10",2.572287234042553,0.8643812765957447,13.0,1.0,0.7755046808510637,0.08887659574468089,0.0274995744680851,0.10811914893617022,1.0,0.9751437807582637,0.03971437216064093,0
104,Meta Majority Finite Memory: 88 players,2.570287234042553,0.7441944680851064,33.0,1.0,0.6986863829787234,0.04550808510638299,0.05457574468085106,0.20122978723404256,0.9999926871670245,0.07572406489138692,0.8332423281783237,0.009154387494389233
105,"N Tit(s) For M Tat(s): 3, 2",2.5635744680851063,0.797701914893617,28.0,1.0,0.7413506382978725,0.056351276595744654,0.033997872340425526,0.16830021276595736,1.0,0.7207242048817502,0.2543446120532293,0.1524947242350208
106,Worse and Worse 3,2.563276595744681,0.7758263829787234,31.0,1.0,0.7053897872340426,0.07043659574468088,0.05532659574468082,0.16884702127659573,0.8820298938407434,0.5075100427870263,0.5857835132868741,0.4100075255050328
107,Hard Tit For 2 Tats,2.562914893617021,0.8300255319148936,0.0,1.0,0.7632863829787233,0.06673914893617021,0.025542127659574466,0.1444323404255319,1.0,0.6814267103129162,0.36240831444027993,0.29689472801127004
108,Nice Average Copier,2.562436170212766,0.7763093617021276,31.0,1.0,0.7056555319148936,0.07065382978723402,0.05543106382978727,0.1682595744680851,0.8818019148493511,0.5081477853974935,0.5885433040204588,0.41077081905801666
109,Soft Go By Majority,2.5614787234042553,0.8183959574468085,17.0,1.0,0.7362625531914894,0.08213340425531922,0.04246851063829789,0.1391355319148936,1.0,0.8384935003126336,0.6936470608512603,0
110,Delayed AON1,2.5608085106382985,0.7710625531914893,26.0,1.0,0.6418876595744681,0.12917489361702122,0.10159170212765953,0.12734574468085105,0.9978715062076117,0.13507010193503718,0,1.0
111,Hard Tit For Tat,2.5562872340425526,0.6416204255319149,75.0,1.0,0.6270136170212767,0.014606808510638275,0.07890914893617026,0.2794704255319148,1.0,0,0.22096644746969346,0
112,Tit For 2 Tats,2.5499361702127663,0.854093829787234,0.0,1.0,0.7771402127659573,0.07695361702127661,0.01784063829787233,0.12806553191489362,1.0,0.7457798587529278,1.0,0
113,Win-Stay Lose-Shift: C,2.5498085106382975,0.7738536170212766,22.0,1.0,0.6443112765957446,0.12954234042553198,0.097918085106383,0.1282282978723404,1.0,0,0,1.0
114,Appeaser,2.5478404255319154,0.7743248936170213,22.5,1.0,0.6446919148936168,0.12963297872340426,0.09736021276595755,0.12831489361702125,1.0,0,0,1.0
115,Tricky Level Punisher,2.535734042553192,0.8052872340425532,30.0,1.0,0.7015572340425531,0.10373000000000002,0.05892234042553191,0.13579042553191484,1.0,0.8999715592964977,0.03196977427638529,0.013524298495970694
116,GTFT: 0.7,2.5326595744680853,0.94693,0.0,1.0,0.807704680851064,0.1392253191489361,0.014545531914893604,0.03852446808510637,1.0,0.6996817959474594,1.0,0.7045954681901045
117,Inverse,2.5322978723404255,0.6778312765957447,73.0,1.0,0.6474572340425531,0.030374042553191496,0.06697744680851064,0.25519127659574475,0.9573379627668984,0,0.5812887778726284,0
118,Harrington,2.5290638297872343,0.6805606382978724,80.0,1.0,0.5873710638297873,0.09318957446808501,0.11187808510638293,0.20756127659574464,0.9142771936765022,0.4762003504708303,0.9628961356850533,0.2758444730272696
119,Thumper,2.5269574468085105,0.6903259574468085,57.0,1.0,0.6578153191489361,0.032510638297872325,0.0610176595744681,0.24865638297872353,1.0,0,0.5571705803263645,0
120,Two Tits For Tat,2.525872340425532,0.6587070212765957,73.0,1.0,0.6345702127659574,0.02413680851063828,0.07046851063829788,0.2708244680851064,1.0,0,0.3500197236110505,0
121,Meta Majority Memory One: 35 players,2.498085106382979,0.6891729787234042,90.5,1.0,0.6485263829787234,0.04064659574468084,0.06024893617021274,0.250578085106383,0.9873475377265565,0.02644959037973483,0.7836316015879425,0.004924995983643246
122,Eventual Cycle Hunter,2.4952765957446816,0.8973659574468085,14.0,1.0,0.7503236170212766,0.1470423404255319,0.03533638297872339,0.0672976595744681,0.9974187040738139,0.9823773813849623,0.09778189151472005,0.12043779567309601
123,AdaptorBrief,2.4648297872340423,0.5819165957446808,117.0,0.9893191489361702,0.5315685106382978,0.050348085106382987,0.11286085106382979,0.30522255319148944,0.9599576515400696,0.2972122164627232,0.5200417803121279,0.10169869049942928
124,GTFT: 0.9,2.4457553191489367,0.9808885106382979,0.0,1.0,0.802238510638298,0.17864999999999998,0.004728510638297871,0.014382978723404261,1.0,0.8997075968070569,1.0,0.9013881207265481
125,Tranquilizer,2.435648936170213,0.6448887234042553,83.0,1.0,0.5569108510638298,0.08797787234042563,0.10222085106382975,0.2528904255319148,0.8984273835905057,0.5672232372755329,0.940584320926616,0.32677015597384246
126,Nydegger,2.431446808510638,0.9588804255319149,13.0,1.0,0.7555359574468086,0.20334446808510637,0.031073829787234053,0.010045744680851055,0.9898456571966527,0.9605692843450729,0.7487674156699824,0.7606187586539344
127,Random Hunter,2.3756382978723405,0.9469063829787234,13.0,1.0,0.7444912765957447,0.20241510638297866,0.022352127659574447,0.03074148936170211,0.9951888388478264,0.9836845733917988,0.36633317419070166,0.122293704157335
128,AdaptorLong,2.357882978723405,0.4357368085106383,109.0,0.9903404255319149,0.31989234042553205,0.11584446808510629,0.20755702127659567,0.3567061702127659,0.9240755854540209,0.012444895386540547,0.014011153146423668,0.32624377050074527
129,Raider,2.349085106382979,0.4107082978723404,90.0,0.0,0.35955425531914886,0.051154042553191476,0.16969531914893618,0.4195963829787235,0.9896410633316085,0.4716218248763018,0.6582270968363368,0.2924271326568537
130,Cycle Hunter,2.346606382978724,0.9294072340425532,12.0,1.0,0.7235789361702128,0.20582829787234047,0.02662765957446809,0.043965106382978715,0.9930618202776381,0.9747996047410131,0,0
131,Defector Hunter,2.3431808510638303,0.9928148936170212,0.0,1.0,0.7784376595744681,0.21437723404255327,0.00025744680851063826,0.0069276595744680826,1.0,0.986327080177468,1.0,0
132,Alternator Hunter,2.323446808510638,0.9789902127659574,3.0,1.0,0.7558559574468086,0.2231342553191489,0.008399574468085109,0.012610212765957448,0.994805804701724,0.9956309512134062,0,0
133,Hard Prober,2.317595744680851,0.38457106382978723,83.0,0.0,0.327508510638298,0.05706255319148938,0.17942212765957452,0.43600680851063817,0.8947597108456337,0.4529492086811377,0.5012859308795494,0.2884208719575925
134,Tester,2.3046382978723408,0.5499412765957447,58.0,0.0,0.4722121276595742,0.07772914893617033,0.1096382978723405,0.340420425531915,0.8852317267453863,0.45052341821535846,1.0,0.33810250851677676
135,Gladstein,2.3041276595744677,0.5504612765957447,57.5,0.0,0.4727710638297871,0.07769021276595756,0.10915638297872354,0.3403823404255318,0.8859486177191815,0.4497627942416748,1.0,0.3376970790094917
136,Cooperator,2.300457446808511,1.0,0.0,1.0,0.7667425531914893,0.2332574468085106,0.0,0.0,1.0,1.0,0,0
137,Prober 2,2.2997021276595744,0.6835229787234043,55.0,0.0,0.5838336170212765,0.09968936170212768,0.05767212765957458,0.2588048936170214,1.0,0.615278900996866,1.0,0.38744995518739794
138,Average Copier,2.2996808510638296,0.6371825531914893,64.0,0.49706382978723407,0.5455778723404257,0.09160468085106381,0.07512489361702131,0.28769255319148934,0.8628449100088473,0.4413850464788861,0.6819707739655831,0.3089704003673542
139,Ripoff,2.286063829787234,0.5438936170212766,65.0,0.0,0.46500319148936153,0.078890425531915,0.10896638297872345,0.34714,0.975273756129212,0.47022598785985076,1.0,0.2882292405262475
140,Colbert,2.2807872340425535,0.7985451063829787,63.0,1.0,0.6163459574468086,0.1821991489361702,0.05747617021276599,0.1439787234042552,0.968851979430209,0.5671701275778283,0.7835023159804185,0.5842372665768248
141,Sneaky Tit For Tat,2.27713829787234,0.7560457446808511,50.0,1.0,0.5542693617021275,0.20177638297872358,0.09265212765957448,0.1513021276595745,0.8994089077021321,0.5833172070409032,0.721729195422509,0.6679646525892866
142,Adaptive,2.2154042553191484,0.5185851063829787,111.5,1.0,0.3432599999999999,0.17532510638297868,0.176027659574468,0.30538723404255336,0.9276598190478583,0.94483348558549,0.07829784209785645,0.18559893891283066
143,DoubleResurrection,2.1887127659574457,0.49936553191489363,105.0,1.0,0.30580574468085103,0.19355978723404255,0.19250404255319145,0.3081304255319149,0.8474940960906802,0,1.0,0.17102913783126084
144,Willing,2.1868404255319147,0.9673793617021277,21.0,0.4977446808510638,0.7140610638297875,0.25331829787234017,0.002364680851063829,0.030255957446808507,1.0,1.0,1.0,0
145,Prober,2.1854148936170215,0.3585336170212766,79.0,0.0,0.29154340425531927,0.06699021276595751,0.1673427659574469,0.4741236170212763,0.8459142876860924,0.4458299217247584,0.7121512205383239,0.2471673195311151
146,Suspicious Tit For Tat,2.157468085106383,0.5210040425531914,109.0,0.0,0.4135921276595745,0.10741191489361711,0.1097291489361703,0.3692668085106382,1.0,0,1.0,0
147,Prober 4,2.1431489361702125,0.21397510638297873,130.0,1.0,0.17368617021276597,0.04028893617021274,0.20872638297872334,0.5772985106382978,0.5800448768256807,0.3127748157591956,0.43123390745758255,0.15047005264501184
148,Risky QLearner,2.1430425531914894,0.8502572340425532,64.0,0.9474893617021276,0.6171427659574468,0.2331144680851063,0.03517702127659575,0.11456574468085105,0.9498546829102539,0.9246887211789526,0.9500897096300163,0.6119393003432727
149,Cautious QLearner,2.1424574468085096,0.8500021276595745,63.5,0.9499574468085107,0.6171929787234041,0.2328091489361704,0.03516468085106384,0.1148331914893617,0.9500326651606493,0.9254025246956624,0.9516034768383413,0.6091462470726414
150,Arrogant QLearner,2.1411063829787222,0.8481868085106383,63.5,0.9507659574468085,0.615748085106383,0.23243872340425517,0.035177872340425555,0.11663531914893623,0.9493301506366953,0.9249306139232658,0.9495655550801052,0.605997899479927
151,Prober 3,2.1402340425531916,0.23613,131.0,0.0,0.16708829787234047,0.06904170212765971,0.2183368085106383,0.5455331914893615,0.9531419733617474,0,0.6414720737275516,0.19501666998013312
152,Remorseful Prober: 0.1,2.140095744680851,0.44639787234042555,142.0,1.0,0.33472319148936186,0.11167468085106382,0.14506936170212772,0.40853276595744664,0.8997439680966987,0,0.8995950291664451,0.26049303999423484
153,Worse and Worse 2,2.137776595744681,0.30938744680851066,122.5,1.0,0.1743319148936169,0.13505553191489358,0.23104170212765965,0.45957085106382994,0.7012883494682735,0.28803832177569033,0.331923831899843,0.1919693622062305
154,Hesitant QLearner,2.1376808510638297,0.8490319148936171,63.0,0.9501702127659575,0.6156887234042553,0.23334319148936172,0.035285744680851064,0.11568234042553195,0.9498941910733778,0.9254601724143146,0.9489522916591857,0.6102314670263193
155,Random Tit for Tat: 0.5,2.127457446808511,0.5120848936170213,91.5,1.0,0.3150734042553193,0.19701148936170196,0.1733572340425532,0.3145578723404255,0.7466923881014583,0.22290366415999902,0.8519952706654984,0.2947839619041168
156,"Feld: 1.0, 0.5, 200",2.1265744680851064,0.35228744680851065,178.0,1.0,0.2859038297872341,0.06638361702127656,0.15516468085106377,0.4925478723404257,0.8772993325825518,0,0.7939179595164041,0
157,ALLCorALLD,2.117329787234042,0.6052765957446808,88.0,0.6052765957446808,0.46515872340425524,0.1401178723404256,0.08110765957446815,0.3136157446808509,1.0,1.0,0,0
158,ZD-Mem2,2.116755319148936,0.4811993617021277,120.0,1.0,0.3615078723404257,0.11969148936170207,0.1284778723404255,0.3903227659574467,0.8799508511813731,0.1595023843271249,0.7977265217168116,0.1188558580200257
159,Meta Hunter Aggressive: 7 players,2.1132553191489363,0.22807,120.0,1.0,0.12754063829787235,0.1005293617021277,0.2392151063829787,0.5327148936170212,0.7479148101826297,0.8019910185496093,0.165600691046497,0.08412396592710289
160,Fool Me Forever,2.1080957446808517,0.9282638297872341,41.0,0.0,0.5889351063829784,0.3393287234042554,0.06701638297872364,0.0047197872340425445,1.0,1.0,0,1.0
161,EasyGo,2.1071702127659586,0.9292623404255319,41.0,0.0,0.5894685106382976,0.339793829787234,0.06601468085106407,0.004722978723404247,1.0,1.0,0,1.0
162,Stochastic Cooperator,2.1017446808510636,0.5574774468085106,99.5,1.0,0.3718378723404256,0.18563957446808507,0.13581744680851066,0.3067051063829787,0.9351634772401776,0.2308233377955706,0.26735958628403333,0.42078877090566763
163,Knowledgeable Worse and Worse,2.096010638297872,0.497111914893617,100.0,0.9956170212765958,0.2727751063829788,0.2243368085106383,0.1935097872340425,0.3093782978723404,0.7383505478547245,0.5693525099162596,0.47545099989667094,0.30757910439917097
164,Tullock: 11,2.0957021276595746,0.4345676595744681,158.0,1.0,0.360574680851064,0.07399297872340428,0.11236723404255318,0.4530651063829787,0.8196043335852998,0.583437771487914,0.5999382847113574,0.18737424032439529
165,Worse and Worse,2.0929680851063828,0.8994497872340426,72.0,0.9989361702127659,0.5821508510638297,0.3172989361702129,0.0610417021276596,0.03950851063829786,0.9155778340289196,0.8896595656427049,0.8763936560452243,0.8637861696014308
166,Hard Go By Majority: 5,2.081574468085106,0.48717297872340426,111.0,0.0,0.4000921276595743,0.0870808510638299,0.09214659574468102,0.42068042553191487,1.0,0.6390361701798057,0.8048599128907479,0
167,Hard Go By Majority,2.077563829787233,0.47854148936170215,109.0,0.0,0.384493829787234,0.09404765957446812,0.10095978723404263,0.42049872340425526,1.0,0.7808937873409599,0.7969428818080022,0
168,Opposite Grudger,2.0668404255319155,0.9361536170212766,42.0,0.0,0.6611159574468086,0.27503765957446796,0.004713829787234035,0.05913255319148937,1.0,1.0,1.0,0
169,Fortress4,2.0589361702127658,0.2294727659574468,109.0,0.0,0.08373425531914891,0.14573851063829796,0.25880553191489375,0.5117217021276593,1.0,0,0,0.296582131941922
170,Fortress3,2.051287234042553,0.3244531914893617,100.0,0.0,0.1318874468085106,0.19256574468085091,0.2449568085106384,0.43059000000000003,1.0,0,0,0.4589009778262923
171,Pun1,2.032936170212766,0.7548421276595745,56.0,0.0,0.48370617021276585,0.2711359574468086,0.08420297872340433,0.16095489361702126,1.0,0.3328821122241878,1.0,1.0
172,Naive Prober: 0.1,2.0283936170212766,0.3956748936170213,176.0,1.0,0.3196095744680852,0.07606531914893619,0.11645936170212758,0.48786574468085103,0.8990264439744016,0,0.9001208564571477,0
173,Joss: 0.9,2.026904255319149,0.39578021276595743,177.0,1.0,0.31966553191489355,0.0761146808510639,0.11638106382978718,0.4878387234042554,0.8995001373910685,0,0.901034266633572,0
174,Calculator,2.0259468085106382,0.2934091489361702,152.0,1.0,0.22979638297872348,0.06361276595744686,0.1577876595744681,0.5488031914893615,0.9309456336000749,0,0.610167244607499,0
175,Hard Go By Majority: 40,2.0145957446808502,0.43923255319148935,127.0,0.0,0.38135702127659565,0.057875531914893634,0.07718936170212772,0.48357808510638306,1.0,0.7476480465089,0.7574653551476794,0
176,Winner21,2.004755319148936,0.34278340425531917,179.0,0.0,0.3121725531914896,0.030610851063829766,0.1028325531914896,0.5543840425531911,1.0,0,0.5859186565109009,0.22431266742919134
177,Hard Go By Majority: 20,2.0024787234042547,0.42465191489361703,133.0,0.0,0.3755036170212766,0.04914829787234047,0.07500702127659586,0.5003410638297872,1.0,0.737696490286923,0.7341440690313694,0
178,Meta Mixer: 205 players,2.0021595744680853,0.4316527659574468,110.0,0.8149787234042554,0.24729489361702117,0.18435787234042558,0.17340170212765965,0.3949455319148936,0.6517294553353518,0.3057265744028008,0.6005383124605177,0.29161846028904714
179,Random: 0.9,1.9981276595744681,0.8999755319148937,70.0,0.8997021276595745,0.5515244680851062,0.34845106382978724,0.06126595744680848,0.038758510638297834,0.9007793499490633,0.900768600608209,0.9022179696260847,0.9012840452630552
180,Stochastic WSLS: 0.05,1.9977978723404255,0.5546712765957447,84.0,1.0,0.28603063829787234,0.2686406382978723,0.17329936170212765,0.2720293617021277,0.9501744076946476,0.04965550900088513,0.05055966708505776,0.9498977989784666
181,Hard Go By Majority: 10,1.9852021276595744,0.4054331914893617,140.0,0.0,0.36144085106382984,0.04399234042553196,0.07643553191489369,0.5181312765957444,1.0,0.6633405906037634,0.7093416105203763,0
182,Meta Winner Ensemble: 205 players,1.9846595744680848,0.012545744680851064,183.5,0.9999148936170212,0.005814255319148934,0.006731489361702127,0.24488723404255314,0.7425670212765958,0.02036765047341884,0.11196672657101836,0.01542624400587925,0.01824956842851478
183,TF2,1.9778617021276599,0.19579148936170213,180.5,1.0,0.15996936170212764,0.035822127659574446,0.17318148936170202,0.6310270212765958,0.5039385005845848,0,0.5778203961147278,0.09033448648469024
184,SolutionB5,1.9778085106382979,0.3737965957446808,162.0,0.0,0.3176927659574468,0.05610382978723408,0.09955510638297888,0.5266482978723404,1.0,0,0.7947889291315345,0
185,Cycler CCCDCD,1.9723085106382978,0.67,76.0,1.0,0.3069187234042554,0.36308127659574485,0.18048148936170202,0.1495185106382978,0.5343442673654802,0.5395201655655048,1.0,1.0
186,Random: 0.7,1.9722978723404254,0.6999544680851064,75.0,0.699063829787234,0.3542751063829787,0.3456793617021277,0.15208063829787238,0.14796489361702125,0.700097217636657,0.6989110271609847,0.7015674071552174,0.700575522975447
187,Cooperator Hunter,1.9619148936170214,0.961918085106383,41.0,1.0,0.5946099999999997,0.3673080851063832,0.03483723404255319,0.003244680851063834,0.9578215271068038,1.0,0,1.0
188,"ZD-SET-2: 0.25, 0.0, 2",1.959531914893617,0.4084831914893617,103.0,1.0,0.22406425531914895,0.18441893617021285,0.17391234042553189,0.4176044680851064,0.7495889421712058,0.24952687267748164,0.5013191373873143,0.24976690938593998
189,Meta Winner Stochastic: 64 players,1.9566276595744678,0.011822553191489362,201.0,1.0,0.006159574468085099,0.005662978723404256,0.23756893617021296,0.7506085106382976,0.030011592428413843,0.05089696697850067,0.01398150269748752,0.011704720162868948
190,Cycler CCCCCD,1.9489042553191482,0.835,69.0,1.0,0.4587082978723403,0.3762917021276599,0.10161234042553174,0.06338765957446806,0.7882965566510861,0.8654593671342221,1.0,1.0
191,SelfSteem,1.9400851063829787,0.4671427659574468,83.0,0.4982127659574468,0.2513087234042553,0.2158340425531916,0.16283212765957442,0.3700251063829786,0.7216675097559738,0.3858911070954598,0.6050974525132607,0.27105304102081534
192,Cycler CCCD,1.9355957446808505,0.75,80.0,1.0,0.3697961702127659,0.38020382978723405,0.14374148936170209,0.10625851063829785,0.636358140236052,0.7590297946506203,1.0,1.0
193,Meta Winner Deterministic: 141 players,1.9333617021276597,0.005,217.0,1.0,0.004135531914893616,0.0008644680851063827,0.23063148936170197,0.764368510638298,0,0,0,0
194,SolutionB1,1.9331063829787234,0.9319265957446808,41.0,0.0,0.6129582978723402,0.3189682978723405,0.006653617021276578,0.06141978723404273,1.0,1.0,0.42625176422656474,0.8972759241386562
195,Meta Winner Long Memory: 117 players,1.9319468085106384,0.005,217.0,1.0,0.004138723404255321,0.0008612765957446807,0.2303197872340425,0.7646802127659575,0,0,0,0
196,Meta Winner Finite Memory: 88 players,1.9312765957446814,0.005,217.0,1.0,0.004129999999999998,0.0008699999999999994,0.23029425531914877,0.7647057446808512,0,0,0,0
197,Meta Winner Memory One: 35 players,1.9309893617021276,0.005,217.0,1.0,0.004133617021276595,0.000866382978723404,0.23026361702127635,0.7647363829787237,0,0,0,0
198,Meta Winner: 205 players,1.930436170212766,0.005,217.0,1.0,0.004128297872340427,0.0008717021276595742,0.23026787234042548,0.7647321276595745,0,0,0,0
199,Cycler CCD,1.9296808510638297,0.67,68.0,1.0,0.2924014893617026,0.37759851063829786,0.18030382978723372,0.14969617021276588,0.42589146633816705,0.6323710527630236,1.0,1.0
200,Random: 0.1,1.9293829787234043,0.09996297872340426,125.0,0.10170212765957447,0.026372978723404238,0.07358999999999999,0.2373978723404255,0.6626391489361702,0.1008589666304649,0.0996221829250299,0.10075247921552337,0.09998741900498243
201,CollectiveStrategy,1.9170212765957446,0.010097021276595744,212.0,1.0,0.00878382978723399,0.001313191489361702,0.2246253191489359,0.7652776595744684,0.4186145207221791,0,0,0.1138078159823004
202,ThueMorseInverse,1.907404255319149,0.5,89.0,1.0,0.171731914893617,0.328268085106383,0.22232148936170226,0.27767851063829774,0.28175822306037085,0.39093652483301394,0.5763427979343486,0.7555248032955786
203,Better and Better,1.9073617021276592,0.10045489361702127,122.0,0.001148936170212766,0.02631553191489362,0.07413936170212765,0.2323104255319151,0.6672346808510636,0.1410088057763427,0.13166213772069585,0.0917471629873285,0.09491584944777383
204,Alternator,1.9043829787234032,0.5,88.0,1.0,0.148523829787234,0.351476170212766,0.23949595744680868,0.26050404255319143,0,0,1.0,1.0
205,"ZD-Extort-2: 0.1111111111111111, 0.5",1.8946595744680852,0.2606387234042553,194.0,1.0,0.2122006382978724,0.04843808510638301,0.13118021276595748,0.6081810638297871,0.8880080353741322,0.5030339133056522,0.3309866531633859,0
206,"ZD-Extort-2 v2: 0.125, 0.5, 1",1.8937446808510638,0.2564325531914894,193.0,1.0,0.2078351063829787,0.04859744680851065,0.1318597872340426,0.6117076595744682,0.8743610301673423,0.4394158661044522,0.37464157071851534,0
207,Predator,1.8931808510638297,0.08494382978723404,171.0,1.0,0.06808723404255346,0.016856595744680816,0.1938036170212766,0.7212525531914892,0.6334059050342722,0,0.22019574119960575,0.03429373301397791
208,TF1,1.8931382978723401,0.09694170212765957,181.0,1.0,0.06977531914893624,0.027166382978723324,0.1954551063829788,0.7076031914893616,0.4545921413344018,0.610687371429572,0.38635481763922874,0.07218174606645492
209,Meta Minority: 205 players,1.8924680851063833,0.6340608510638298,83.0,0.0,0.16586446808510638,0.46819638297872324,0.25712914893617045,0.10881000000000002,0.3662881474281471,1.0,0.002941443453114438,0.9998660608336348
210,Cycler DC,1.8890106382978724,0.5,74.0,0.0,0.13919404255319148,0.36080595744680866,0.24286680851063827,0.2571331914893617,0,0,1.0,1.0
211,Aggravater,1.885659574468085,0.08417531914893617,222.0,0.0,0.0834546808510637,0.0007206382978723396,0.17959148936170208,0.7362331914893618,1.0,0,0.11198409998806191,0
212,ThueMorse,1.8835744680851063,0.5,76.0,0.0,0.16889234042553192,0.3311076595744682,0.21859468085106398,0.28140531914893596,0.2956855027294165,0.3945172638845301,0.6627638903538908,0.7490868657083072
213,Random: 0.3,1.8802553191489362,0.30018531914893615,100.0,0.3011063829787234,0.09581595744680854,0.2043693617021277,0.22287595744680863,0.4769387234042552,0.3001352088016001,0.3009845950261745,0.30022330967662403,0.30148822063494213
214,Random: 0.5,1.8792340425531913,0.5001495744680851,82.0,0.5019574468085106,0.19683425531914908,0.3033153191489362,0.19701765957446812,0.3028327659574466,0.49995524185381024,0.5006090148882089,0.5014908414799889,0.5013027110444
215,Tricky Cooperator,1.8744574468085107,0.8375629787234042,78.0,1.0,0.3934712765957448,0.44409170212765947,0.13213340425531908,0.030303617021276576,0.8855891693348079,1.0,0,1.0
216,"ZD-Mischief: 0.1, 0.0, 1",1.8739574468085105,0.09555893617021277,204.0,1.0,0.0739921276595745,0.02156680851063831,0.1877476595744682,0.716693404255319,0.7997660011723599,0.5880870853038009,0.09868775532491293,0
217,Bully,1.8719787234042549,0.5971127659574468,85.0,0.0,0.13062063829787227,0.46649212765957443,0.2692006382978725,0.13368659574468075,0,1.0,0,1.0
218,"ZD-Extort3: 0.11538461538461539, 0.3333333333333333, 1",1.8682978723404253,0.1958968085106383,197.5,1.0,0.15528851063829802,0.0406082978723404,0.14964021276595735,0.6544629787234042,0.8427219843331102,0.49951010633554954,0.2720680679756571,0
219,Desperate,1.8673191489361702,0.36514021276595743,91.0,0.5027234042553191,0.050418085106383,0.31472212765957464,0.2702014893617022,0.3646582978723403,0,0,0,1.0
220,AntiCycler,1.8663085106382986,0.9,62.0,1.0,0.5070617021276594,0.39293829787234047,0.060840425531914905,0.03915957446808507,0.8231502686107233,0.8747857878890778,0.8851453624517341,0.9853354818078401
221,$\pi$,1.8649680851063826,0.81725,74.0,1.0,0.33070872340425544,0.4865412765957447,0.17186893617021268,0.010881063829787182,0.5774401459262992,1.0,0.8818131651844894,1.0
222,"Gradual Killer: (D, D, D, D, D, C, C)",1.8606595744680852,0.5496197872340426,80.0,0.0,0.4143417021276594,0.13527808510638334,0.041420851063829756,0.40895936170212743,1.0,0.783148276164053,0.14806347194599517,0.12587154127002978
223,"ZD-Extortion: 0.2, 0.1, 1",1.856340425531915,0.11506425531914893,204.0,1.0,0.08623191489361699,0.028832340425531882,0.17864148936170193,0.7062942553191491,0.6368867482236924,0.17999875726790127,0.27976746646833384,0
224,"ZD-Extort-4: 0.23529411764705882, 0.25, 1",1.8558510638297872,0.1579795744680851,199.0,1.0,0.11676574468085114,0.04121382978723403,0.16613595744680856,0.6758844680851064,0.6465185329379309,0,0.46940711078832537,0
225,$e$,1.8550851063829779,0.7986346808510638,80.0,1.0,0.3116802127659577,0.48695446808510623,0.17846744680851054,0.022897872340425507,0.557113570137828,1.0,0.7591917065187105,1.0
226,Cycler DDC,1.8527659574468087,0.33,108.0,0.0,0.07974382978723406,0.25025617021276547,0.2352865957446812,0.4347134042553193,0,0,0.4251104587003569,0.6192394793439874
227,"Bush Mosteller: 0.5, 0.5, 3.0, 0.5",1.844180851063829,0.2964155319148936,111.5,0.49817021276595747,0.13125021276595739,0.16516531914893615,0.18690510638297875,0.5166793617021278,0.5607312207500932,0.2837752761996774,0.3003732611317565,0.26694050223237903
228,Win-Shift Lose-Stay: D,1.843212765957447,0.5717634042553191,94.0,0.0,0.20062680851063833,0.37113659574468055,0.2034342553191491,0.22480234042553207,0,1.0,1.0,0
229,Negation,1.8340425531914895,0.6059948936170213,80.0,0.4977872340425532,0.1343314893617021,0.4716634042553193,0.2590648936170212,0.1349402127659574,0,1.0,0,1.0
230,Tricky Defector,1.8323510638297873,0.42168234042553193,105.0,0.0,0.05849510638297865,0.36318723404255293,0.26954680851063856,0.30877085106382984,0,1.0,0,0.293715858395411
231,Defector,1.8221276595744684,0.0,222.0,0.0,0.0,0.0,0.20576553191489363,0.7942344680851063,0,0,0,0
232,Hopeless,1.8132659574468089,0.7522508510638298,76.0,0.5048936170212766,0.24639297872340424,0.5058578723404253,0.20694723404255339,0.04080191489361702,0,1.0,1.0,1.0
233,$\phi$,1.8046489361702125,0.7162025531914894,71.0,1.0,0.2241608510638299,0.49204170212765935,0.21111468085106383,0.07268276595744688,0.4354007340917929,1.0,0.3246824607244317,1.0
234,Anti Tit For Tat,1.799457446808511,0.6146810638297873,75.0,1.0,0.13624680851063833,0.478434255319149,0.2509091489361702,0.13440978723404245,0,1.0,0,1.0
235,Handshake,1.782117021276596,0.09721744680851063,202.0,1.0,0.036625957446808445,0.06059148936170213,0.19207021276595743,0.710712340425532,0.8684223114155109,0.9820946647063531,0,0.39492731665751113
